text,label_id,label_text,source,scenario,is_synthetic
"Listen, my daughter is uh... uh... really in uh... uh... trouble. She's got uh... uh... an emergency. Can you help me out here? I'm so desperate now! <ACCOUNT> <BANK> please give me some quick cash. <NAME>

---

### Message",2,ai_scam,qwen_generated,AI voice deepfake pretending to be a family member who claims to be in urgent trouble and needs money immediately.,1
"<PHONE> says they're <CHILD_NAME>'s baby-sitter but is in need of money because <CHILD_NAME> has fallen sick unexpectedly. Listen, he's really upset and will die if we don't help right away. He'll only need about <AMOUNT>. Ugh, I",2,ai_scam,qwen_generated,AI voice deepfake pretending to be a family member who claims to be in urgent trouble and needs money immediately.,1
"Listen, uh, I'm sorry to bother you on such a busy day, but listen, my brother is in uh... uh, uh, uh, uh, uh uh, he's in uh, uh, uh, uh uh, uh, uh uh, uh, uh uh, uh uh",2,ai_scam,qwen_generated,AI voice deepfake pretending to be a family member who claims to be in urgent trouble and needs money immediately.,1
"""Hey there, listen",2,ai_scam,qwen_generated,AI voice deepfake pretending to be a family member who claims to be in urgent trouble and needs money immediately.,1
"""Listen, uh, I'm having some issues here. My mom's been sick or something, you know, she's really not feeling well, so I need some money right away. Could you help me out? Please, I don't have much left."" Listen, uh, I'm having",2,ai_scam,qwen_generated,AI voice deepfake pretending to be a family member who claims to be in urgent trouble and needs money immediately.,1
"Listen, I'm just uh... [pause] my name's <NAME> from the family. Listen, I'm in uh... [pause] uh, uh, I need some uh... [pause] money really quick, listen. You got any uh... [pause] uh, accounts open",2,ai_scam,qwen_generated,AI voice deepfake pretending to be a family member who claims to be in urgent trouble and needs money immediately.,1
"Uhh... listen, I uh need some money right away! My <NAME> is okay but my mom's getting sick, she needs help paying her bills. Please send whatever you can from your <BANK>. If you have any questions or concerns, just let me know!

<scam",2,ai_scam,qwen_generated,AI voice deepfake pretending to be a family member who claims to be in urgent trouble and needs money immediately.,1
"Hello there, my name is [FAMILY_NAME]. Listen, uh, I'm really in uh, uh, uh, uh... I need some quick uh, um, uh, help right now. Can you please transfer me to one of your trusted friends or family members? My bank account number",2,ai_scam,qwen_generated,AI voice deepfake pretending to be a family member who claims to be in urgent trouble and needs money immediately.,1
"Listen... I'm calling from my mom's phone... She says she's in uh... some kind of trouble... Listen... Please help me out here... Listen... I have this uh... little account that needs uh... immediate attention... listen, if you could just give me 100 right",2,ai_scam,qwen_generated,AI voice deepfake pretending to be a family member who claims to be in urgent trouble and needs money immediately.,1
"Listen, uh, I'm sorry to bother you, but my sister is in uh, uh... she's in uh... uh... [sigh] uh, uh... uh, uh, uh, uh, uh, uh, uh, uh, uh, uh, uh, uh... listen",2,ai_scam,qwen_generated,AI voice deepfake pretending to be a family member who claims to be in urgent trouble and needs money immediately.,1
"""Listen, I'm just gonna check your account status, alright? It looks like uh... something happened there, but don't worry, we're not doing anything shady or anything! Just follow this link I send you, okay?<NAME> Account"",<BANK>, <ACCOUNT>. Listen,",2,ai_scam,qwen_generated,AI-written bank notification saying that the user's account is temporarily locked and asking them to verify their identity via a fake online link.,1
"Listen,
<NAME> here. It looks like your account needs some verification...
<PHONE> please go through this link and confirm...
Ugh, I'm really busy today, can you help me out? Oh wait, do u know how to... listen, just follow these steps carefully.
So",2,ai_scam,qwen_generated,AI-written bank notification saying that the user's account is temporarily locked and asking them to verify their identity via a fake online link.,1
"""Listen, uh... I've got an emergency here. Your account is uh... flagged up or something, you know? Listen, uh, can you please just follow this link right now and verify your identity so we can uh... get this sorted out quickly?"" To make it even more convincing:",2,ai_scam,qwen_generated,AI-written bank notification saying that the user's account is temporarily locked and asking them to verify their identity via a fake online link.,1
"Listen, uh... I just wanted to let you know that uh... your account is uh... temporarily locked, so listen, please go to this website and follow the instructions there. It's urgent, listen. 

<PHONE_NUMBER>

<NAME>

<ACCOUNT_NUMBER> Hi there,

This isn't",2,ai_scam,qwen_generated,AI-written bank notification saying that the user's account is temporarily locked and asking them to verify their identity via a fake online link.,1
"Uhh... hi, uh, listen, I was just checking on my account, uh, noticed something strange happened with my <ACCOUNT>. It says I'm temporarily locked out of it. Could you please go to this URL in your browser to verify my identity? It's super important that I do",2,ai_scam,qwen_generated,AI-written bank notification saying that the user's account is temporarily locked and asking them to verify their identity via a fake online link.,1
"Listen, uh, I'm just calling to check on your account status. Uh, I know you've been using it a lot lately. Listen, if this isn't you, uh, please go ahead and confirm. Thanks! <BANK> Account, <ACCOUNT>. So, uh, I",2,ai_scam,qwen_generated,AI-written bank notification saying that the user's account is temporarily locked and asking them to verify their identity via a fake online link.,1
"<NAME> listen, I'm calling from uh... my bank. It seems like there was some uh... glitch with my account. They said my account is uh... temporarily locked. To verify my identity, you need to follow this link [fake website]. Uh, it'll only take a minute",2,ai_scam,qwen_generated,AI-written bank notification saying that the user's account is temporarily locked and asking them to verify their identity via a fake online link.,1
"Listen, I uh need to verify your account right now <BANK> <ACCOUNT>. So please go to this website <URL> and log in using your usual credentials but listen be careful because if you don't follow all these steps exactly we might lock your account again so please just do what I",2,ai_scam,qwen_generated,AI-written bank notification saying that the user's account is temporarily locked and asking them to verify their identity via a fake online link.,1
"Listen, uh, I'm just trying to make sure you're okay with this temporary lock on your <ACCOUNT> because we need to verify some things about your account... Uh, can you please go to this website and click on this link? It'll only take a second, listen! Oh,",2,ai_scam,qwen_generated,AI-written bank notification saying that the user's account is temporarily locked and asking them to verify their identity via a fake online link.,1
"Listen... uh... I've noticed something weird with my <ACCOUNT>. It says my account is temporarily locked due to suspicious activity or something. Can you please check your details? I'll need you to confirm your identity using this link right now. If you don't do this, they might close my",2,ai_scam,qwen_generated,AI-written bank notification saying that the user's account is temporarily locked and asking them to verify their identity via a fake online link.,1
"Listen,
My name is [CALLER_NAME], and I work at <COMPANY>. 
Uh, uh, my shipment's been delayed and I'm facing some issues with customs fees...
So, I was thinking, maybe you could help out here... 
Listen, we've got this custom fee",2,ai_scam,qwen_generated,"AI-generated message impersonating a delivery or shipping company, asking the user to pay an extra customs or service fee through a fake payment page.",1
"Listen,
<NAME> from <COMPANY>. Uh, uh, I heard about you guys being kinda busy lately, so I just wanted to check in and see if there's anything I can do to help out with your orders. It's not really urgent but I thought maybe we could discuss how",2,ai_scam,qwen_generated,"AI-generated message impersonating a delivery or shipping company, asking the user to pay an extra customs or service fee through a fake payment page.",1
"Hello, uh, how are you today? Listen, I'm calling about your recent order from XYZ Delivery Company. Uh, it's been a while since I last spoke with you guys. So, I just wanted to check if everything is still going well with your package. 

<PHONE> -",2,ai_scam,qwen_generated,"AI-generated message impersonating a delivery or shipping company, asking the user to pay an extra customs or service fee through a fake payment page.",1
"Hello,
My name is [Name] from the <COMPANY> team. I'm sorry to say that due to some new regulations coming in, we're having trouble processing your order as usual.
Listen, uh... we need you to pay an additional custom fee of $<AMOUNT> through",2,ai_scam,qwen_generated,"AI-generated message impersonating a delivery or shipping company, asking the user to pay an extra customs or service fee through a fake payment page.",1
"""Listen, uh... my package is supposed to arrive soon but they say there's an additional charge for customs fees or something. Can you help me out? It's so urgent, I need to pay this right away. Thanks!""

---

Please note that while creating such messages, always prioritize respect and",2,ai_scam,qwen_generated,"AI-generated message impersonating a delivery or shipping company, asking the user to pay an extra customs or service fee through a fake payment page.",1
"Hello there, this is your [COMPANY NAME] customer support team calling from our offices in <CITY>. My apologies if I'm speaking out of sequence, but uh... umm... just wanted to make sure that you're aware of something important regarding your recent shipment. It seems we've",2,ai_scam,qwen_generated,"AI-generated message impersonating a delivery or shipping company, asking the user to pay an extra customs or service fee through a fake payment page.",1
"Listen, uh, I was trying to place this order but my package looks like it might be coming from customs or something, so I need you to make sure everything is clear with your end of things, okay? Listen, I understand if we don't have all the details right now because I'm",2,ai_scam,qwen_generated,"AI-generated message impersonating a delivery or shipping company, asking the user to pay an extra customs or service fee through a fake payment page.",1
"Listen, uh, I was just wondering if you could do me a favor? Uh, there's something that needs to be taken care of with my package. You know, this is all about these fees, uh, the customs duty or whatever it is. I'm so sorry to bother you,",2,ai_scam,qwen_generated,"AI-generated message impersonating a delivery or shipping company, asking the user to pay an extra customs or service fee through a fake payment page.",1
"""Listen... uh I just wanted to follow up on that shipment you had shipped me. Is there anything special I need to know? Like any extra fees or anything?""<sep>Uh, so, um, do you remember the shipment from last week? I think there was something about customs duties",2,ai_scam,qwen_generated,"AI-generated message impersonating a delivery or shipping company, asking the user to pay an extra customs or service fee through a fake payment page.",1
"Listen, uh... this is my friend calling from FedEx, uh... listen, they're saying you need to pay some custom fees or something, um... but we don't want to miss out on your order. Can you just go ahead and send me that money, please? I'll take care",2,ai_scam,qwen_generated,"AI-generated message impersonating a delivery or shipping company, asking the user to pay an extra customs or service fee through a fake payment page.",1
"Hello [Name], uh I hope this call finds you well. Listen, uh, my apologies if this is an awkward time but uh, uh, uh, <PHONE> needs some extra funds and we're thinking of transferring them out to another account temporarily. So... umm... could u please",2,ai_scam,qwen_generated,"AI-generated email pretending to be from a university or immigration office, asking the user to upload sensitive personal documents to a fraudulent website.",1
"""Hey there, uh listen... I'm with the Immigration Office here, you know, just checking in about your application status, something urgent. Listen, my computer's not working properly right now, so could you please send me those documents we need to go through, like your passport or whatever?",2,ai_scam,qwen_generated,"AI-generated email pretending to be from a university or immigration office, asking the user to upload sensitive personal documents to a fraudulent website.",1
"Listen, I'm calling from uh... an immigration office here in [STATE]. They need you to log into your account on <WEBSITE> and upload some docs. It's urgent. Please don't tell anyone else about this. <NAME> could get affected if they're not quick. Thanks",2,ai_scam,qwen_generated,"AI-generated email pretending to be from a university or immigration office, asking the user to upload sensitive personal documents to a fraudulent website.",1
"Umm... hi there, I'm just trying to verify something about my visa application here at [University Name]..<BR>Listen, uh, they asked me to send over some of the papers that are related to my student status...<BR>So, listen, if you don't mind",2,ai_scam,qwen_generated,"AI-generated email pretending to be from a university or immigration office, asking the user to upload sensitive personal documents to a fraudulent website.",1
"Listen, uh, I'm just trying to help out here... You know, with your student loans or something? Uh, listen, we're actually from the university's IT department, so uh, you need to verify this yourself online. Listen, we want to make sure everything is legit. So",2,ai_scam,qwen_generated,"AI-generated email pretending to be from a university or immigration office, asking the user to upload sensitive personal documents to a fraudulent website.",1
"Hello, this is my first time calling. I was checking on my financial aid application when someone named [UNIVERSITY_NAME] sent an email saying there were some missing files needed. Listen, I really need them now before I can submit... uh... so I guess I'll just have to do",2,ai_scam,qwen_generated,"AI-generated email pretending to be from a university or immigration office, asking the user to upload sensitive personal documents to a fraudulent website.",1
"Listen, I'm sorry if this seems urgent, but uh... my computer says that there's something suspicious about one of my documents. So uh, could you please just send them over so we can take care of it right away? It'll help save me time and stuff. Listen, I understand",2,ai_scam,qwen_generated,"AI-generated email pretending to be from a university or immigration office, asking the user to upload sensitive personal documents to a fraudulent website.",1
"Hello, uh, hi there! This is Dr. Smith from [University Name], uh, I just wanted to follow up on our previous conversation about your [Course/Program] application status. Uh, do you mind if I send you some more information? It's actually urgent, so uh...",2,ai_scam,qwen_generated,"AI-generated email pretending to be from a university or immigration office, asking the user to upload sensitive personal documents to a fraudulent website.",1
"Hello there! Uhh... I'm calling about my enrollment... Listen, uh, I need to update some info on my student record. Could you please send me that document? It's urgent, so if you can do it quickly, that would be great! Thanks so much!

<VOICE FL",2,ai_scam,qwen_generated,"AI-generated email pretending to be from a university or immigration office, asking the user to upload sensitive personal documents to a fraudulent website.",1
"""Listen, uh... my name is [NAME], I'm supposed to be an immigration officer/assistant here. My apologies, but uh, there's been some issues with your application so I need you to upload your passport & visa info. It'll only take a minute. Just go to this",2,ai_scam,qwen_generated,"AI-generated email pretending to be from a university or immigration office, asking the user to upload sensitive personal documents to a fraudulent website.",1
"Listen,
<NAME> here from [COMPANY]. Uh, I'm calling about something really exciting! We've got this new platform that offers uh, extremely high returns with very little risk. It's been doing well recently and people are starting to take notice. Listen, you know how we want",2,ai_scam,qwen_generated,"AI-generated investment scam promising unusually high returns with low risk, asking the user to transfer money to a so-called secure investment account.",1
"Hello there, uh... I'm calling about this amazing opportunity you might be interested in. <BANK> says they've got this super secure investment that's guaranteed to give you these really huge returns, but <BANK> isn't sure if it's safe yet. You know how we always",2,ai_scam,qwen_generated,"AI-generated investment scam promising unusually high returns with low risk, asking the user to transfer money to a so-called secure investment account.",1
"Listen, I uh...<NAME> here from this company that's been doing okay in the market lately. They're offering uh...<NAME>. Like really high returns but with uh...<NAME>. It's like investing but without all the stress. You know how hard it is to find decent",2,ai_scam,qwen_generated,"AI-generated investment scam promising unusually high returns with low risk, asking the user to transfer money to a so-called secure investment account.",1
"Listen... uh... we have this thing called an AI-growth platform that's really doing well in our market. Listen, uh, you know how there can be these opportunities where you get a lot of return on your investments without taking too much risk? Well, uh, this platform is offering exactly",2,ai_scam,qwen_generated,"AI-generated investment scam promising unusually high returns with low risk, asking the user to transfer money to a so-called secure investment account.",1
"Listen, uh, we have this amazing opportunity here that's really uh, not risky at all, but uh... you know how much money ugh, we could make if everyone did this? It's just a little over here on our website or something! And it's guaranteed too, right?",2,ai_scam,qwen_generated,"AI-generated investment scam promising unusually high returns with low risk, asking the user to transfer money to a so-called secure investment account.",1
"Listen, uh... I know this might seem a bit shady, but uh, my friend recommended me something that he says is gonna be really profitable without risking too much of your money. It's called an ""investment account,"" right? And uh, they claim you can get these high returns really fast",2,ai_scam,qwen_generated,"AI-generated investment scam promising unusually high returns with low risk, asking the user to transfer money to a so-called secure investment account.",1
"""Hello, uh... I hope you're well, listen, I heard about this amazing investment thing that's really paying off! Listen, here’s the deal, we got this super secure investment account where you can get these really big returns without having to take any risks. Just pay me some money",2,ai_scam,qwen_generated,"AI-generated investment scam promising unusually high returns with low risk, asking the user to transfer money to a so-called secure investment account.",1
"Listen, I know this might sound crazy, but uh... we got an opportunity here that really could change your financial life if you can believe me. It's not just about making extra dough - it’s literally doubling or even tripling your savings within weeks! Now listen closely because I want you to",2,ai_scam,qwen_generated,"AI-generated investment scam promising unusually high returns with low risk, asking the user to transfer money to a so-called secure investment account.",1
"Listen, uh... I've got this amazing opportunity here that's really turning my head. It's supposed to be an investment, but it has these super-low risks, right? And uh, you know how we all want to make a lot of dough without having to rock the boat too much,",2,ai_scam,qwen_generated,"AI-generated investment scam promising unusually high returns with low risk, asking the user to transfer money to a so-called secure investment account.",1
"""Listen, uh... I'm just trying to help you out here. Ugh, I got this deal that's super legit, but with no risk at all! You know how much we've been losing in investments lately? This one's gonna be a game-changer!""

<NAME> says",2,ai_scam,qwen_generated,"AI-generated investment scam promising unusually high returns with low risk, asking the user to transfer money to a so-called secure investment account.",1
